eventName,totalUsers,sessions,engagedSessions,eventCount,screenPageViews,bounceRate,userEngagementDuration,averageSessionDuration
page_view,168.0,281.0,118.0,938.0,938.0,0.5800711743772242,0.0,73.62468114234876
first_visit,166.0,166.0,36.0,167.0,0.0,0.7831325301204819,0.0,0.4007534457831325
session_start,166.0,279.0,118.0,280.0,0.0,0.5770609318996416,0.0,0.0
scroll,115.0,205.0,102.0,532.0,0.0,0.5024390243902439,2181.0,22.72761291707317
user_engagement,34.0,104.0,98.0,634.0,0.0,0.057692307692307696,6580.0,177.00564753846155
click,5.0,19.0,19.0,30.0,0.0,0.0,1073.0,81.07329321052632
